declare @currentDatabase nvarchar(128) = DB_Name()
if @currentDatabase != 'GSS_live' and @currentDatabase != 'GSS_stage' and @currentDatabase != 'GSS_test' and @currentDatabase != 'GSS' and DB_ID('GSS') is null
	create database GSS
else 
	print 'Database already exists.'

go
use -- the proper database below according to the current environment
	GSS
 -- GSS_test
 -- GSS_stage
 -- GSS_live

IF EXISTS (SELECT * FROM INFORMATION_SCHEMA.TABLES WHERE TABLE_NAME = 'CompanyProfiles')
BEGIN
	print 'GSS*.dbo.CompanyProfiles table already exists; execution halted.'
	SET NOEXEC ON
END

CREATE TABLE [dbo].[ChangeRecords] (
    [Id] [uniqueidentifier] NOT NULL,
    [CompanyId] [int] NOT NULL,
    [CompanyVersion] [int] NOT NULL,
    [PrincipleTemplateId] [int],
    [IssueIndicatorTemplateId] [int],
    [Type] [int] NOT NULL,
    [Timestamp] [datetime] NOT NULL,
    [PreviousValue] [nvarchar](max),
    [Author] [nvarchar](100) NOT NULL,
    CONSTRAINT [PK_dbo.ChangeRecords] PRIMARY KEY ([Id])
)
CREATE TABLE [dbo].[Companies] (
    [Id] [int] NOT NULL,
    [InternalId] [uniqueidentifier] NOT NULL,
    [ResearchEntityId] [int],
    [Name] [nvarchar](100) NOT NULL,
    [Isin] [nvarchar](50) NOT NULL,
    [Description] [nvarchar](max) NOT NULL,
    [Country] [nvarchar](50) NOT NULL,
    [SubPeerGroup] [nvarchar](100) NOT NULL,
    [Website] [nvarchar](255) NOT NULL,
    [IsParkedForResearchSince] [datetime],
    [UnGlobalCompactSignatorySince] [datetime],
    [IsResearchEntityCandidate] [bit] NOT NULL,
    [Analyst] [nvarchar](100) NOT NULL,
    [Reviewer] [nvarchar](100) NOT NULL,
    CONSTRAINT [PK_dbo.Companies] PRIMARY KEY ([Id])
)
CREATE INDEX [IX_ResearchEntityId] ON [dbo].[Companies]([ResearchEntityId])
CREATE TABLE [dbo].[CompanyProfiles] (
    [Id] [uniqueidentifier] NOT NULL,
    [CompanyId] [int] NOT NULL,
    [Version] [int] NOT NULL,
    [Status] [int] NOT NULL,
    [LastUpdated] [datetime] NOT NULL,
    [LastUpdatedBy] [nvarchar](100) NOT NULL,
    [Assessment] [int] NOT NULL,
    [HasSignificantAssessmentChange] [bit] NOT NULL,
    [AssessmentEffectiveSinceQuarterNumerator] [int] NOT NULL,
    [AssessmentEffectiveSinceQuarterYear] [int] NOT NULL,
    [PreviouslyNonCompliant] [nvarchar](300) NOT NULL,
    [OverallConclusion] [nvarchar](500) NOT NULL,
    [OutlookAssessment] [int],
    [OutlookAssessmentEffectiveSinceQuarterNumerator] [int],
    [OutlookAssessmentEffectiveSinceQuarterYear] [int],
    [OutlookAssessmentComments] [nvarchar](300) NOT NULL,
    [Engagement] [int],
    [EngagementAsOf] [datetime],
    CONSTRAINT [PK_dbo.CompanyProfiles] PRIMARY KEY ([Id])
)
CREATE INDEX [IX_CompanyId] ON [dbo].[CompanyProfiles]([CompanyId])
CREATE TABLE [dbo].[Principles] (
    [Id] [uniqueidentifier] NOT NULL,
    [TemplateId] [int] NOT NULL,
    [CompanyProfileId] [uniqueidentifier] NOT NULL,
    [Assessment] [int] NOT NULL,
    [AssessmentEffectiveSinceQuarterNumerator] [int] NOT NULL,
    [AssessmentEffectiveSinceQuarterYear] [int] NOT NULL,
    [LastUpdated] [datetime] NOT NULL,
    [LastUpdatedBy] [nvarchar](100) NOT NULL,
    CONSTRAINT [PK_dbo.Principles] PRIMARY KEY ([Id])
)
CREATE INDEX [IX_TemplateId] ON [dbo].[Principles]([TemplateId])
CREATE INDEX [IX_CompanyProfileId] ON [dbo].[Principles]([CompanyProfileId])
CREATE TABLE [dbo].[PrincipleTemplates] (
    [Id] [int] NOT NULL,
    [Code] [nvarchar](3) NOT NULL,
    [Name] [nvarchar](50) NOT NULL,
    [Description] [nvarchar](300) NOT NULL,
    [NormCode] [int] NOT NULL,
    CONSTRAINT [PK_dbo.PrincipleTemplates] PRIMARY KEY ([Id])
)
CREATE TABLE [dbo].[Sources] (
    [Id] [uniqueidentifier] NOT NULL,
    [Headline] [nvarchar](max) NOT NULL,
    [Publisher] [nvarchar](450) NOT NULL,
    [PublicationDate] [datetime] NOT NULL,
    [CompanyProfileId] [uniqueidentifier] NOT NULL,
    CONSTRAINT [PK_dbo.Sources] PRIMARY KEY ([Id])
)
CREATE INDEX [IX_CompanyProfileId] ON [dbo].[Sources]([CompanyProfileId])
CREATE TABLE [dbo].[IssueIndicators] (
    [Id] [uniqueidentifier] NOT NULL,
    [TemplateId] [int] NOT NULL,
    [PrincipleId] [uniqueidentifier] NOT NULL,
    [Assessment] [int] NOT NULL,
    [AssessmentEffectiveSinceQuarterNumerator] [int] NOT NULL,
    [AssessmentEffectiveSinceQuarterYear] [int] NOT NULL,
    [BasisForNonComplianceValue] [int],
    [BasisForNonComplianceText] [nvarchar](300) NOT NULL,
    [OecdGuidelinesFlags] [int] NOT NULL,
    [UnGuidingPrinciplesFlags] [int] NOT NULL,
    [RelatedConventionsFlags] [varbinary](10) NOT NULL,
    [Headline] [nvarchar](250) NOT NULL,
    [CaseSummary] [nvarchar](1500) NOT NULL,
    [Impact] [nvarchar](300) NOT NULL,
    [Management] [nvarchar](300) NOT NULL,
    [Conclusion] [nvarchar](300) NOT NULL,
    [IncidentConditionStatus] [bit],
    [IncidentConditionComment] [nvarchar](800) NOT NULL,
    [CompanyResponseToIncidentConditionStatus] [bit],
    [CompanyResponseToIncidentConditionComment] [nvarchar](800) NOT NULL,
    [CompanyLastContacted] [datetime],
    [CompanyLastResponse] [datetime],
    [CompanyContactComments] [nvarchar](300) NOT NULL,
    [LastUpdated] [datetime] NOT NULL,
    [LastUpdatedBy] [nvarchar](100) NOT NULL,
    CONSTRAINT [PK_dbo.IssueIndicators] PRIMARY KEY ([Id])
)
CREATE INDEX [IX_TemplateId] ON [dbo].[IssueIndicators]([TemplateId])
CREATE INDEX [IX_PrincipleId] ON [dbo].[IssueIndicators]([PrincipleId])
CREATE TABLE [dbo].[ConclusionComments] (
    [Id] [uniqueidentifier] NOT NULL,
    [Text] [nvarchar](1200) NOT NULL,
    [SortKey] [int] NOT NULL,
    [IssueIndicatorId] [uniqueidentifier] NOT NULL,
    CONSTRAINT [PK_dbo.ConclusionComments] PRIMARY KEY ([Id])
)
CREATE INDEX [IX_IssueIndicatorId] ON [dbo].[ConclusionComments]([IssueIndicatorId])
CREATE TABLE [dbo].[ImpactComments] (
    [Id] [uniqueidentifier] NOT NULL,
    [Text] [nvarchar](1200) NOT NULL,
    [SortKey] [int] NOT NULL,
    [IssueIndicatorId] [uniqueidentifier] NOT NULL,
    CONSTRAINT [PK_dbo.ImpactComments] PRIMARY KEY ([Id])
)
CREATE INDEX [IX_IssueIndicatorId] ON [dbo].[ImpactComments]([IssueIndicatorId])
CREATE TABLE [dbo].[ManagementComments] (
    [Id] [uniqueidentifier] NOT NULL,
    [Text] [nvarchar](1200) NOT NULL,
    [SortKey] [int] NOT NULL,
    [IssueIndicatorId] [uniqueidentifier] NOT NULL,
    CONSTRAINT [PK_dbo.ManagementComments] PRIMARY KEY ([Id])
)
CREATE INDEX [IX_IssueIndicatorId] ON [dbo].[ManagementComments]([IssueIndicatorId])
CREATE TABLE [dbo].[IssueIndicatorTemplates] (
    [Id] [int] NOT NULL,
    [Name] [nvarchar](250) NOT NULL,
    [PrincipleId] [int] NOT NULL,
    CONSTRAINT [PK_dbo.IssueIndicatorTemplates] PRIMARY KEY ([Id])
)
CREATE INDEX [IX_PrincipleId] ON [dbo].[IssueIndicatorTemplates]([PrincipleId])
CREATE TABLE [dbo].[OecdGuidelines] (
    [Id] [int] NOT NULL IDENTITY(0,1),
    [Chapter] [int] NOT NULL,
    [Name] [nvarchar](100) NOT NULL,
    CONSTRAINT [PK_dbo.OecdGuidelines] PRIMARY KEY ([Id])
)
CREATE TABLE [dbo].[RelatedConventions] (
    [Id] [int] NOT NULL IDENTITY(0,1),
    [Name] [nvarchar](200) NOT NULL,
    CONSTRAINT [PK_dbo.RelatedConventions] PRIMARY KEY ([Id])
)
CREATE TABLE [dbo].[UnGuidingPrinciples] (
    [Id] [int] NOT NULL IDENTITY(0,1),
    [Code] [int] NOT NULL,
    [Name] [nvarchar](100) NOT NULL,
    CONSTRAINT [PK_dbo.UnGuidingPrinciples] PRIMARY KEY ([Id])
)
ALTER TABLE [dbo].[Companies] ADD CONSTRAINT [FK_dbo.Companies_dbo.Companies_ResearchEntityId] FOREIGN KEY ([ResearchEntityId]) REFERENCES [dbo].[Companies] ([Id])
ALTER TABLE [dbo].[CompanyProfiles] ADD CONSTRAINT [FK_dbo.CompanyProfiles_dbo.Companies_CompanyId] FOREIGN KEY ([CompanyId]) REFERENCES [dbo].[Companies] ([Id])
ALTER TABLE [dbo].[Principles] ADD CONSTRAINT [FK_dbo.Principles_dbo.CompanyProfiles_CompanyProfileId] FOREIGN KEY ([CompanyProfileId]) REFERENCES [dbo].[CompanyProfiles] ([Id]) ON DELETE CASCADE
ALTER TABLE [dbo].[Principles] ADD CONSTRAINT [FK_dbo.Principles_dbo.PrincipleTemplates_TemplateId] FOREIGN KEY ([TemplateId]) REFERENCES [dbo].[PrincipleTemplates] ([Id])
ALTER TABLE [dbo].[Sources] ADD CONSTRAINT [FK_dbo.Sources_dbo.CompanyProfiles_CompanyProfileId] FOREIGN KEY ([CompanyProfileId]) REFERENCES [dbo].[CompanyProfiles] ([Id]) ON DELETE CASCADE
ALTER TABLE [dbo].[IssueIndicators] ADD CONSTRAINT [FK_dbo.IssueIndicators_dbo.Principles_PrincipleId] FOREIGN KEY ([PrincipleId]) REFERENCES [dbo].[Principles] ([Id]) ON DELETE CASCADE
ALTER TABLE [dbo].[IssueIndicators] ADD CONSTRAINT [FK_dbo.IssueIndicators_dbo.IssueIndicatorTemplates_TemplateId] FOREIGN KEY ([TemplateId]) REFERENCES [dbo].[IssueIndicatorTemplates] ([Id])
ALTER TABLE [dbo].[ConclusionComments] ADD CONSTRAINT [FK_dbo.ConclusionComments_dbo.IssueIndicators_IssueIndicatorId] FOREIGN KEY ([IssueIndicatorId]) REFERENCES [dbo].[IssueIndicators] ([Id]) ON DELETE CASCADE
ALTER TABLE [dbo].[ImpactComments] ADD CONSTRAINT [FK_dbo.ImpactComments_dbo.IssueIndicators_IssueIndicatorId] FOREIGN KEY ([IssueIndicatorId]) REFERENCES [dbo].[IssueIndicators] ([Id]) ON DELETE CASCADE
ALTER TABLE [dbo].[ManagementComments] ADD CONSTRAINT [FK_dbo.ManagementComments_dbo.IssueIndicators_IssueIndicatorId] FOREIGN KEY ([IssueIndicatorId]) REFERENCES [dbo].[IssueIndicators] ([Id]) ON DELETE CASCADE
ALTER TABLE [dbo].[IssueIndicatorTemplates] ADD CONSTRAINT [FK_dbo.IssueIndicatorTemplates_dbo.PrincipleTemplates_PrincipleId] FOREIGN KEY ([PrincipleId]) REFERENCES [dbo].[PrincipleTemplates] ([Id])
CREATE TABLE [dbo].[__MigrationHistory] (
    [MigrationId] [nvarchar](150) NOT NULL,
    [ContextKey] [nvarchar](300) NOT NULL,
    [Model] [varbinary](max) NOT NULL,
    [ProductVersion] [nvarchar](32) NOT NULL,
    CONSTRAINT [PK_dbo.__MigrationHistory] PRIMARY KEY ([MigrationId], [ContextKey])
)
INSERT [dbo].[__MigrationHistory]([MigrationId], [ContextKey], [Model], [ProductVersion])
VALUES (N'201907030621105_AddGSS', N'GSS.DataLayer.Migrations.Configuration',  0x1F8B0800000000000400ED5DDB6E1C39927D5F60FFA1504FBB0BB74A92DB336E439A812C596A616C4BAB92A7779F0CAA8A25259C979ABCA82D2CF6CBE6613E697E61C8CC4A26EFB764D645161A70AB9864900C1E0683110CF29F7FFFC7D19FBF27F1E811E64594A5C7E383BDFDF108A6B36C1EA5F7C7E3AA5CFCF476FCE73FFDFBBF1D7D9827DF477F6DF3BDC6F950C9B4381E3F94E5F2DD6452CC1E60028ABD249AE559912DCABD59964CC03C9B1CEEEFFF323938984044628C688D464737555A4609AC7FA09FA7593A83CBB202F1A76C0EE362958EBE4C6BAAA3CF2081C512CCE0F1785A15258852103F95D1ACD8BB984EF7CE40093E8227988F47277104509BA6305E8C47204DB31294A8C5EFBE14705AE6597A3F5DA20410DF3E2D21CAB7007101573D79D765B7EDD4FE21EED4A42BD8929AA146668923C183D72B2E4DF8E25EBC1E132E223E7E40FC2E9F70AF6B5E1E8F4F1F407A0F6FE02CCBE7E3115FE1BBD338C799A5ECAE6945B0D8A369BC1AD19F5E11A82044E1FF5E8D4EABB8AC72789CC2AACC41FC6A745DDDC5D1EC2FF0E936FB06D3E3B48A63BAC9A8D1E81B938092AEF36C09F3F2E9062E561DB944CD9FB0E5267C41528C2AD374EFA28AD0DF9F51DDE02E860410136DF1D32C5982F4A9A3729996AF0F7DC9AC38D58FD6751EA5B36819C35B982C635042A171FAF2974551C1CB741ECD4099E59E4470D67EDDB8454201E12D59B664D0D48638D18321F031CAAAE2AF20AE48A3900840726D3CFA04BE7F84E97DF9703C467F8E47E7D177386F5356E4BFA4111283A8509957C6DA4EAAF221CB35D51CECEF5B55A3EDE5D1A49BC6FAC9DD20CB7B5E37C577744AAB904771618A300E2F600A7304AFF935284B982319FD394B8D238DA8A3BC20EE29426E6001413E7B6886CE719EE17F87C69A4C4444A9A6D63783547A068B591E2D4B4A40F698C4CE021AA929F9D3DA3B3DADEEAE21CC2FF2AC5AAE7F9C7F83774554EA0076F8E6CD3000BB06F937383FCFF2767A4CD1AA06C5B5404FE74B7A11677720AEC5D8AC9C46F7295ED49EBC885D16EC543D0568919C838E3FEFB32C862075EEED0996BD45B9FEF1BD410B23FC1D0EBE5AA19A3F83C7E8BE16B95AF1371EDDC0B8CE563C44CB467B6F17A1AF7CD6F33C4B6EB2B85BE5B81C5FA75995D7E39C69B3DD82FC1E96FD1658D4AB4514C39EEBEC8ACA8E2EB79BD4A083A8CE53346455416603C6DE6F59FE6D1167BFB79F1C297E0445F9658985C4BCB71E4BD17AAF5B890612162745018B228169C930A84B6E747E47AABF82024BE56881B61B69D9116B3694BD252BA1F761B180B3327A84B5E8FFEF0AE44879FB5C2558EFA3D475DCA3D5C7D095FD2F12397D7776CD46267E42EA299E37710452DDB2F17A18245C3D22AEC53136D5C455A1D7C7DE0CD484AA8CB3EC9B0293E710CEEFC0EC5B8348474A3E48095185041F8E641124F0FF8AF523E2437A0FEEA1300E5DB2CD4874B94F8AAB85513B536A1464CBAB562556EBEC5792555025B81C2A5582CF265325746D25C69A42DA5CF2F92BAF66740D56E5216D699BACCCD8F6CDB6D14D7E798B9B6F9AE64A33086D95E79235D45A5123DDF7D5D108811F493D13ED7F2C30BD167D76587BB67018BDE479690EBBAC869AE43C9131A1E5272FF28D82D6B6E1ED9C3234B9CB266B6CFB55D34C92A5D70657F027F4969F2DA11D95A35602308C89F914CD139D3637842E6730296FD2B83B90F6FA39CB1386D3788071A2C5CA613D8DDA69EA37779AD23B3A61BC96F55F2198C7511AC261E7BACDC63C2B1EB466D19F879906CD70D5B838A30CCBDE6B753F45ABCFCAEBB90FE01733FD6EC16B22B2FE6DDF09C952F99126A6F24480EF398517FD7F70FDFF3D28A2E23CCB29BBE10CB2E72170FBA5D9BC68DFC2EF9B304CC2D91C6308E285A3388FC17DD18F6F5F524C0EB5BEB3D304A05A8B4B383FCDD24734E4586E3244DF2391835DCDCC5E4ACEAEF06BEAE1300BDB2928E0B44A12A0F5A11F0C642DBEACBDBFEBC7E32790F266D1B5D56D659D1FA8EE4B3457E6B5411A2D9018E0AC638D78731CA9ACECDB9AFEBC1D8A97B5FA71038B259AACF0360BD34133D94DF718DB7A50634A347B6496236B1A6D173D49AC9AB039FFC633B59FB512A263ACD465C265FBCA6BD0B4F3449F57B0F31B0BB8FA261A51AFED109345D3195D3EA123DACCAE9DE8D60D6D47846C9ACE98F20A1D321670ED14E57F910D0A4B9CCA4C0D88228FB06B54660C6AA9E5192831D72AB2981A1CC6702BCC2DFFC3491CA11F6BBBABDDC91C1C0EB3E24CB3BC443DEBB7D1606115CCFCC34B99A1170DD1F76EB9CAF8D9876849EE6D1EA289BC4C9797E9A29F2E4154126151B1D15FBCA688A01BF84E1381D0CB5479992AFAA91254E9E5A78CB5961CC0F3D0D79D2EA7B6A31368D8482D834B7B209BA7C4C1E173762AC8868AEC282C3656625EC37E4552A0D73C61CCF8BED38321F2C3CD8A4B6C46AC83640C06B607B02C614FEFD23A8210ADC12338577C0124107A0191DFF807D163ACC75F74D9F90240A4F482009518A14E4FEDA20CA9120A417CC8D765E39E2524FDD0C4520D8324D4FB39CCE327C42D9AF72CA33FC1E40EE6DCD926848DDAFD7F3CDE174686297096834549321FE83337F1A424B718C1C2E4FE807D5C789C57D95FEBB39F63C692CC3F8B43DB0CA26660F92321610696A5BAA981A5C2C1EC06F63750CE1E1016AC07978D39930FB1D53090533261F8BF22B729C65F6115D58E83B7BF67B673E3F62187D07A6620EDBCD7C460E3E5C20C0B4D735363F3B921673B25AEB322C267AFAC6704C4FB322AFF4F071ECCE783E4C2B09FA5BAB101C8A8D961E0FE557A9FD1CB8181F98D13604EAD643EB288DB8B87E13D4374632B7DDB88035B8E921287B6528A94786D2BAA48899F55024B59E20D29F1C6B2C41F48893F5896F82329F147CB126F4989B796257E21257EB12C814FFFB543B8EF01F22E94210CBE5B7A9B82F6AF156AF24D74FF80CF45D861FB23B8438B2457C6A49FA68F519EA58D7FC30EDEEFAB029F3C2D3E940F886BBDD664C559DC30232825BE310D6AB1886611885B23A3ADFCAF8F869DCC93A82C71F3AF1668BB1E2B5553BEFC27D499DA388B9ABB8429DEE892B866F960CB870DA9FF196A3DE63DDB32FEBA1AB62D1FD2F9C8EEEE9ACE704CA2D5576D475C2B9F8EC7FF2574D4489C1CF63112DFDFDB1307E2062E608E2D03F866A5B4406088D252B462D4E20BC4564DE14A5B5A41F0A0907AF82F67EDB85A31DAA601E2556D627348AD9CB9C6C4B3A30985242B80F197181830A0BCD140C00089D671C699EA3A0433CE0EF80138BA4ACF600C4B383A9935F7A69E826206E6A225094DCB79387C2ABAB03E7C2AC6C9A601D45D4A1B01A632DC5A051B73ECB5C46DE6824BF3E518B6E8DF3C404D7D5903444DE3E500522A2671C358258E783388C4039CC1F0299CF9947A8CC99981ED0527DF91B5C2921F209BCAE980C68D40511E2BAB828C2170B6434D9B648F46C3DD3CBB232AB51D590320B563B44342D2788C57AD0FDA9EE9A541259C577751406D234FBA0AF98363DB8662DB3EAD4537B51B4FABA608670737826DED995B15CCEC0EE05210630F93DBE3D92EF86877B06CD39F35E0D866FC7608C3C6C3B02A78D99F8CED202639F56D8F67FBF8B3DDC1B46D9FD6806BDBF1DC216C2B23029522D3181E680B2DAD6036C516DA6C09378F5D5337D6218B0DE365D304E68CF516C05472CEDA0E48BA43D72AD8AAAC01F6F0D59CDCDE2DF3836DB7D60E6BF5B8EE22BCCDB63263C4F3003258673AB39B31DB06E04D18D10C23B78596B4C60D575F0E12A5C4B17B5114677738B10EAF13FCE35F0AB8729117AB43C33CCA30D1292CBB0809F2B25D311E7527885BAB05F37A9E00598E586DD689A09450EB18B3A2D19A8634948875CE4090BE835CA045A930B6645A1468C97533D1409638E5055A8A0B2878022CAE65847841641C00F1DE14C91808C62C533BB99B4BC466B2B6040339D91D220249C996CE899BBAA156495E4305EC1D6E12BA5C7498819C78D79A84A42466C8405672319C84AE2C1685234C8936618A0B0F1E5199D9A9AE3D6BC2D949B5A74D483F195925C872EB032636F418F98EB2DA33883F01A16690F6AC84AC43AAD312428728416C6693EA7CC4406C525F7F2E32CACE77CF74CAE8BDA7BA45CF130D9F8CFE7A7BFEF7E25727AE749C926BC38A0E09AA701FEE082AAF8C18259D7BB346719FAFC81D0B67A685CF51C223A2086818A477600E8A1DF38D3732E1E4E25EF373B0319D161517ADCCB274A9515508CA566FBEEAAF4611796AEFD67177ECD01DE5B4350D1FAD5C3983F2D07C6786C84737D7829F7381EAB44C5DD5F0D4DA9D302C369597D649706965CE763368DB77CECD846DB532F5E697EC4E0A13DF4CF6553F0BAB928FCA15D4CFA63AF422ADBC91D008470B4DC664D90B03469D626339361AC6B511E0C46644BE1D4DA6B307988055C2D104AF7E70595620FE94A1BD66D17EF804964BB4A32BBA92AB94D1148979BC6CFE341D8FBE27715A1C8F1FCA72F96E32296AD2C55E12CDF2ACC816E5DE2C4B26609E4D0EF7F77F991C1C4C9286C66456D023C05BB8484DA8FB48FC715F9B30FCF3282FCA3350823B80E3434EE789908DB19029F6B96D553223983898EDBEB72D85FF5EE98D62140A6EDC47F00473D676261A1857D4CE515FB188AFBB0D697D465B1C1198CE400C72C9BD08A7595C25A9DA6CAA2E4D1DB1A689684E5E1B6991A76B2504C9377BAA8264E1DB2ACD604F5F3E0B05AE2A73D9D7D4C4ACD1549B14070A510211FE922547A64B76E16BF3FAEAEAD90496A3CC277B9A2755F980D52F9A589B2652399A70334230B10B3351F055B0D3DB6EF2138B44B8892F37C3D8CC7955C961A6FB658A2F4201B140854AB7A726C60FD134CDD1456ACAF85F965A93E232ADA3949FC29193E061DEF0A209311F5CC4639596F8BD08562EAE12EDE94CABBB6B08F38B3CAB3839C07EB1A7F81BBC2BA29263384974E1F935C8BFC1F97996B7835FBFFBC28F832A977D4D5FD28B38BBC30EB67A338A9FDCC672F949529D21AB4BEF58449F02B41CCC01CF374D3607418A050DBECB8491A46DA2CB0CC537D8C09C9F996DEA9609E5CE80155A342B0C77F6125A4960FBF532A942E6A189B5174831226795664F85797B8226C57CF0A2F7FE4949F1BD9388A5DFE0626620956E4FED575060A9132D90F2881F0327EF9BD7FA3E5B8329AF4F1F4C2F7EC97B682A15AC25CD73600E8D680AB86BBAF1137BE7934CE5E5F3D8D772F5883813C7F43B45740592CF0EB4AB32CEB26F2A584A3EF7A0ED0217E7C2A1DB2582C7A55C8FD674665D6DE56AEBAFBAAEEEAE2396389DEE43EDA4B85AA82836DFB6461DA0CCB4C13401A589D54209D0941D66FD57D921FC2C0F62F89D44A9D004E7A929875D295FD6AC6DD492362D033ACB787859A07214B8C804358DA1F60673C8CF60F124AF8E427FF34A68E348F76639D32A92BA35A86C8F6D0483A2F23CB2097FAA82C380AE7B6B95D9AE90540775BC7B8F9CD1C0BB64475AF403E30245FAE33A17CC0DC19377550683A9FEB484055C4D0476418F62E257A43EA817ED691BB427DDFBE074B5BA7C3D6B6B5E433256D66473D887CA9E046776A0B20C4E8675C50BE19C4D5D91CBC534AD78359CB5542B326D62E1621EFD66D603FA83834361F58C3723DD5669F654E847B9694A74BACBC227375FF9D9AD2E55EF4AB3BE4745A61EF590F00F6D458A20113D7F6C9FCE96280C16A542B644CA048762CE6DE19ED79654CBE5F0AAA17B7C5B514197C199BEF032B7A40A21CFCBAEDEC9D1271CDA0EE8EBE383D47CDC7D461A4369AABCC2E0AA1B90971019075D9BE87B224A7F126ABB363FEC21F6707B1F2652D163EBA32FFF82A72DC593E4107F304C89A1AAEEB8B2A0F182AD2DC596EAF0F740069B1E766E5B42C340ADBFA9DAD768B321607001E3C1F0C0C699BBC3C0507E205747FB9E27A387B78943A06843A32E89EB0F36F2E27500EEA36F4163D3F37F432327BB3A21D8D0496E5C701F3B1B22BBEFA91C74F885402B3E0BA97D95427E9340AB559013137D55F71AC752D5BD2D5601577CD45393653C42AC7944F2374798792A4A98D438D99BFE2D3E8DA3DA60D366407A61B48045D93C63333EDC3F381C8F4EE208144DB4DC2A9EEB1D7F99905580D7C16B1CE005E7C9842FEE1E2686A914C59C7943567C02571D17B58ED766AB34FA5B056B1359B488F0B2E3F8142C7566B7A118E1B1F223424EEDFA5392864B49C9354FD0EAA9A9E3A2BC49364151FE1DA4A2A11A22D808564689E9395D19AB9838A8865AFA88CFF683FC3F12F0FD3F5DFBD60643B1A4C4A781C3BC1D2D0D2E5AC79CF119363A0429D0CC132390A8E60937A9E197B3BE1F8FFFAF2EFC6E74F93F5FF9F2AF46573912AFEF46FBA3FF771DF966D9EA35EEB2D917A55AA26FDC693207780C90B7145DAB10A7B0ED64839D023396043F69E81EBE79E33160AAD827B5A8B2419721C8A91F714D445343F82E729FEE276D3053E091EB629BD62A63A5E1413BAC9E58484752502516ADAA0FA0D1B4BE537F0A8CFBADA7D2C039DE02C39B3E19E4DF5F5394518F696D7D9AC8BFF5568785FA28C8F25020CD48BEF618494940907681F4A8410C0BF256CA9D037D06AE4933C85E9574DEFCC0C34C07ED7837978FD37159CFAD5732D515EFBBB08829369E16AB5857B2D732261E0956F5CC7E6525C47AB52CCC8AF10CE4FAB62EF2EE1354716BFD966EEC1B93AF4EAC3A93346EA6C3EE7B7B2F025D1C8B2D1BAD41218B02D90991DD9DC00D6164A0A2473463F7B3072E8428929EA2635B560A6B84699FE0DA05A46D5C39600E1AF4186D8ACE8B4A104225D0C57F782BEB9A388FD05B4859AC873F37D4511DFE3495011C0D49C489BB28ADE326189D29D86AC2596CDD0933B11D3A3DCF6787DE467B04C6051DFA1198B4A5B9C287B43226426A8DB2325C2B431B344D7FEBC515DBF80EEFBE38C46D0CD3392E74A39F4B411AAD1184A4109D1118A53BBF8B340438EC884667584D0F0E3D86961C3FEEE1C4160E1CF750F778628328F7EAD0841724FC5048300413BCA0E1874283CDA1FF6D35381AAD833EFB00C91EDED68AE0B76DB71E2ACDC1FCB58D507DE4F802A678C70FE7D7A0C467B9702E58B7D65DE76C8FF80F8882803A95E174FCCE0E83792685E3A1E994FACE32D1CDF0BF56208BEF23DB3CC028BE03C83C514CD2D83789F7F7F60E84AE0A949AE3E9666AE273CA5ECF14AB2FEEB781D6C8E53D62BA8336D599AFCF5FCB83D9360F4EFA0122E823D5AAA729650D219F9E09A4A4670F15356A2E105F0B9CEC9EE50C319C03C18B7ADC8B6A0A953A24A85C46BA27B67401674A585DAB6FC45B33BA143B16C93876AF8AC9C6B3FBFA8CD165731BEA8601A6BBAF6F2DD0B27807768BA556FBA81DD58E36E999C82BE535AA5B2BACDC5ECB553E31C80C2AFF694D1A17EF5160F12E7C1D0472C60B4A0750BFCCD74D492A35DE49B216F4D9BF2BBCC5C863BD174C73D82FCF0471A68BA8B6166D6EAF2F6F31E2442F09DD24C9D767823C9BEBAAB6167D766F55FBABE14349375FEC87DE16AC45B4B9435A7B7FD30680657ACC7BEB779F0AA79F1A78AAF6EDF2BED4FADEB4ED07A4D90A126CC49FA908EC0186F5CBC335DB483EB0372251DE2EF6CD767E6C57972C759EDEEE729F51E7A66A778FCCE7E626A4E3F1FC2E435868DC5DEC5BEEA28389ABAEF5458835B55FA4959037A32D2B20E61D553D2483BABAEE355453A5946622D4477D935545DD5A665D4B2704D4B57579B4B576175F9A6A6FED554295ED07593DED6B3D26E2BC30112AE133C82AE3DF5E314345B08C48D022E4910346B855DBD86576872CF698FD2EED307BDFB2A946C9EE48A855924756B3E4665EB721D6405895D13CE4F66066CFEC886DE0BECBAAE6EE0935D5281E51116B95E491D52CB9ABD254BBE4708758BD2C93AC7ED98D8B7C03A8354B90CDFCE18611959915D2DA631032837FDB2BFAE568C962AC38F6602ECB2CC628A37DA77907BEBAD35A577FC84E736BA4ECB5EDFEDD573A9C250CB0734E87E98ACADE4011A05203B2A113683A06A8545DFD1E56D6F8EEEB461920F7DF497860E1E81B0001AC7643BFEF174202181C4D5259E0E29CD2EED9A82EF19FB43242A11C295EE9E8CF26AD4744C2227B0FCA00EC916A6F92C726FAB3C568BA97B0C6CDDC3F007B94AAA6E2DD8400E851D99865C8B1B247F711906158DA9B0D128BA8911D262BEA606B907E83A07B0A21387A746BB495896F988E0D8E2AE19A6DF2ED68D2EC045609E8A7709DF6D1E4A64A711C66F3EB0C16D17D47E208D14CE18C3162913C97E9226BED695C8BDA2C7C88352CC11C94E0242FA30592B7E8F30C1605DA948C47F50502C7E30FC91D9C5FA65755B9ACEA3BF692BB98D18BB14D4E57FFD14468F3D1557D414D11A20BA899F52D9E57E9FB2A8AE7A4DDE792F3E30A12D8D8B73A295FC738E313F3F74F84D2E78C7F60514568C53E62A3243BE9AB740A1EA14FDBBE14F023BC0733AC7ED5B7A2AB8998078265FBD15904EE7390142B1A5D79F41361789E7CFFD3BF00E8CBDBA982160100 , N'6.2.0-61023')

insert PrincipleTemplates values 
	(1,	'P1', 'Principle 1', 'Businesses should support and respect the protection of internationally proclaimed human rights.', 1), 
	(2,	'P2', 'Principle 2', 'Businesses should make sure that they are not complicit in human rights abuses.', 1), 
	(3,	'P3', 'Principle 3', 'Businesses should uphold the freedom of association and the effective recognition of the right to collective bargaining.', 2), 
	(4,	'P4', 'Principle 4', 'Businesses should uphold the elimination of all forms of forced and compulsory labour.', 2), 
	(5,	'P5', 'Principle 5', 'Businesses should uphold the effective abolition of child labour.', 2), 
	(6,	'P6', 'Principle 6', 'Businesses should uphold the elimination of discrimination in respect of employment and occupation.', 2), 
	(7,	'P7', 'Principle 7', 'Businesses should support a precautionary approach to environmental challenges.', 3), 
	(8,	'P8', 'Principle 8', 'Businesses should undertake initiatives to promote greater environmental responsibility.', 3), 
	(9,	'P9', 'Principle 9', 'Businesses should encourage the development and diffusion of environmentally friendly technologies.', 3), 
	(10, 'P10', 'Principle 10', 'Businesses should work against corruption in all its forms, including extortion and bribery.', 4)

insert IssueIndicatorTemplates values 
	(106, 'Labour Rights', 1),
	(112, 'Health and Safety', 1),
	(118, 'Land Rights', 1),
	(124, 'Water Rights', 1),
	(130, 'Access to Basic Services', 1),
	(136, 'Community Relations', 1),
	(142, 'Data Privacy and Security', 1),
	(148, 'Employees - Human Rights', 1),
	(154, 'Marketing Practices', 1),
	(160, 'Occupational Health and Safety', 1),
	(166, 'Quality and Safety', 1),
	(172, 'Social Impact of Products', 1),
	(178, 'Society - Human Rights', 1),
	(185, 'Human Rights - Supply Chain', 1),
	(192, 'Consumer Interests', 1),
	(210, 'Involvement With Entities Violating Human Rights', 2),
	(220, 'Anti Personnel Mines', 2),
	(230, 'Chemical and Biological weapons', 2),
	(240, 'Cluster Weapons', 2),
	(250, 'Nuclear Weapons', 2),
	(260, 'Weapons', 2),
	(270, 'Financing of Controversial Project', 2),
	(280, 'Sanctions', 2),
	(290, 'Freedom of Expression', 2),
	(350, 'Freedom of Association', 3),
	(430, 'Forced Labour', 4),
	(460, 'Forced Labour Supply Chain', 4), 
	(530, 'Child Labour', 5),
	(560, 'Child Labour Supply Chain', 5),
	(650, 'Discrimination & Harassment', 6),
	(709, 'Degradation & Contamination (Land)', 7),
	(718, 'Discharges and Releases (Water)', 7),
	(727, 'Emissions to Air', 7),
	(736, 'Animal Welfare', 7),
	(745, 'Energy Use and Greenhouse Gas Emissions', 7),
	(754, 'Spills Resulting in Environmental Impacts', 7),
	(763, 'Water Use', 7),
	(772, 'Emissions, Effluents and Waste', 7),
	(781, 'Environmental Impact of Products', 7),
	(790, 'Land Use and Biodiversity', 7),
	(850, 'Promote Environmental Responsibility', 8),
	(950, 'Environmentally Friendly Technologies', 9),
	(1020, 'Bribery and Corruption', 10),
	(1040, 'Tax Avoidance and Evasion', 10),
	(1060, 'Business Ethics', 10),
	(1080, 'Accounting Irregularities and Accounting Fraud', 10)

insert OecdGuidelines values 
	(4, 'Chapter IV – Human Rights'), 
	(5, 'Chapter V – Employment and Industrial Relations'), 
	(6, 'Chapter VI – Environment'), 
	(7, 'Chapter VII – Combating Bribery, Bribe Solicitation and Extortion'), 
	(8, 'Chapter VIII – Consumer Interests'), 
	(9, 'Chapter IX – Science and Technology'), 
	(10, 'Chapter X – Competition')
insert UnGuidingPrinciples values 
	(11, '11 Respect for Human Rights'),
	(12, '12 Respect Int. recognized Human Rights'),
	(13, '13 Avoid / Prevent Human Rights impacts'),
	(14, '14 Enterprise context and structure adverse impacts'),
	(15, '15 Policy Commitment'),
	(16, '16 Policy Statement'),
	(17, '17 Human Rights Due Diligence'),
	(18, '18 Identify and assess actual / potential impacts'),
	(19, '19 Integration and appropriate action'),
	(20, '20 Verification of adverse impacts with stakeholders'),
	(21, '21 Communicate on human rights impacts'),
	(22, '22 Provide remediation')
insert RelatedConventions values 
	('Convention on International Trade in Endangered Species of Wild Fauna and Flora'),
	('International Convention for the Prevention of Pollution from Ships'),
	('Joint Convention on the Safety of Spent Fuel Management and on the Safety of Radioactive Waste Management'),
	('Agenda 21, the 1992 Rio Earth Summit'),
	('UN Framework Convention on Climate Change (UNFCCC)'),
	('Basel Convention on the Control of Transboundary Movements of Hazardous Wastes and their Disposal'),
	('Basic Principles on the Use of Force and Firearms by Law Enforcement Officials'),
	('Code of Good Practices on Fiscal Transparency'),
	('Convention against Torture and Other Cruel, Inhuman or Degrading Treatment or Punishment'),
	('Convention Concerning the Protection of the World Cultural and Natural Heritage '),
	('Convention for the Protection of the Marine Environment of the North-East Atlantic'),
	('Convention on Biological Diversity'),
	('Convention on Environmental Impact Assessment in a Transboundary Context'),
	('Convention on Long-range Transboundary Air Pollution'),
	('Convention on Nuclear Safety'),
	('Convention on the Protection and Use of Transboundary Watercourses and International Lakes'),
	('Convention on the Rights of Persons with Disabilities'),
	('The Declaration on the Rights of Persons Belonging to National or Ethnic, Religious and Linguistic Minorities'),
	('Declaration of the United Nations Conference on the Human Environment'),
	('Forest Principles'),
	('Hague Convention, 1907'),
	('IAEA safety standards'),
	('ICGN (International Corporate Governance Network) Global Corporate Governance Principles'),
	('ILO Abolition of Forced Labour Convention (No. 105)'),
	('ILO Collective Bargaining Convention (No. 154)'),
	('ILO Declaration on Fundamental Principles and Rights at Work'),
	('ILO Discrimination (Employment and Occupation) Convention (No. 111)'),
	('ILO Equal Remuneration Convention (No. 100)'),
	('ILO Forced Labour Convention (No. 29)'),
	('ILO Forty-Hour Week Convention (No. 47)'),
	('ILO Freedom of Association and Protection of the Right to Organise Convention (No. 87)'),
	('ILO Hours of work Convention (No. 1)'),
	('ILO Indigenous and Tribal Peoples Convention (No. 169)'),
	('ILO Migration for Employment Convention (Revised) (No. 97)'),
	('ILO Minimum Age Convention (No. 138)'),
	('ILO Minimum Wage Fixing Convention (No. 131)'),
	('ILO Occupational Safety and Health Convention (No. 155)'),
	('ILO Protection of Wages Convention (No. 95)'),
	('ILO Right to Organise and Collective Bargaining Convention (No. 98)'),
	('ILO Worst Forms of Child Labour Convention (No. 182)'),
	('International Convention against all forms of Discrimination against Women'),
	('International Convention for the Protection of All Persons from Enforced Disappearance'),
	('International Convention for the Regulation of Whaling'),
	('International Convention on Oil Pollution Preparedness, Response and Cooperation'),
	('International Convention on the Elimination of all Forms of Racial Discrimination'),
	('International Convention on the Protection of the Rights of All Migrant Workers and Members of Their Families'),
	('International Convention on the Rights of the Child'),
	('International Covenant on Civil and Political Rights'),
	('International Covenant on Economic, Social and Cultural Rights'),
	('International Humanitarian Law (especially the Geneva Conventions)'),
	('International Treaty on Plant Genetic Resources for Food and Agriculture'),
	('Minamata Convention on Mercury'),
	('Optional Protocol to the Convention on the Rights of the Child on the sale of children, child pornography and child prostitution'),
	('PACI Principles for Countering Bribery'),
	('Rio Declaration on Environment and Development'),
	('Rotterdam Convention on the Prior Informed Consent Procedures for Certain Hazardous Chemicals and Pesticides in International Trade'),
	('Stockholm Convention on Persistent Organic Pollutants'),
	('The Cartagena Protocol on Biosafety'),
	('The Paris Agreement on Climate Change'),
	('The Arms Trade Treaty (ATT)'),
	('Transactions (OECD Anti-Bribery Convention)'),
	('UN Code of Conduct for Law Enforcement Officials'),
	('UN Conference on Environment and Development and resulting standards/legislation'),
	('UN Convention against Corruption'),
	('UN Convention on Combating Bribery of Foreign Public Officials in International Business'),
	('UN Convention on the Law of the Sea'),
	('UN Convention relating to the Status of Refugees'),
	('UN Convention to Combat Desertification'),
	('UN Declaration on the Rights of Indigenous Peoples'),
	('UN Framework Convention on Climate Change (and resulting Kyoto Protocol)'),
	('UN Sanctions'),
	('UNECE Convention on Access to Information, Public Participation in Decision-making and Access to Justice in Environmental Matters'),
	('Universal Declaration on Human Rights'),
	('Vienna Convention for the Protection of the Ozone Layer'),
	('WHO Framework Convention on Tobacco Control and the Tobacco Industry')

	SET NOEXEC OFF